{"cameraMode":{"drawMode":0,"name":"Shaded","section":"Shading Mode"},"sceneLighting":true,"audioPlay":false,"sceneViewState":{"showFog":true,"showMaterialUpdate":false,"showSkybox":true,"showFlares":true,"showImageEffects":true,"showParticleSystems":true},"in2DMode":false,"pivot":{"x":4.802000045776367,"y":36.97999954223633,"z":-14.550000190734864},"rotation":{"x":0.6072667241096497,"y":0.01786811836063862,"z":-0.01366300880908966,"w":0.7941793203353882},"size":10.421089172363282,"orthographic":false}